TestUrl,TestStatus
https://img-trendyol.mncdn.com/assets/campaign/media/banners/original/354693/f1708a6a6c_0_new.jpg,656
https://img-trendyol.mncdn.com/assets/campaign/media/banners/original/355193/d89002142a_0_new.jpg,166
https://img-trendyol.mncdn.com/assets/campaign/media/banners/original/354995/bf9e6509c7_1_new.jpg,233
https://img-trendyol.mncdn.com/assets/campaign/media/banners/original/355392/45197636f6_0_new.jpg,222
https://img-trendyol.mncdn.com/assets/campaign/media/banners/original/353207/7b6d385bc0_0_new.jpg,324
https://img-trendyol.mncdn.com/assets/campaign/media/banners/original/355147/27fe957073_1_new.jpg,251
https://img-trendyol.mncdn.com/assets/campaign/media/banners/original/352843/d37b7eabab_0_new.jpg,235
https://img-trendyol.mncdn.com/assets/campaign/media/banners/original/354443/54a4666001_1_new.jpg,489
https://img-trendyol.mncdn.com/assets/campaign/media/banners/original/315515/01413e0413_1_new.jpg,203
https://img-trendyol.mncdn.com/assets/campaign/media/banners/original/355394/77a856281f_0_new.jpg,209
https://img-trendyol.mncdn.com/assets/campaign/media/banners/original/354901/5b3693fca9_1_new.jpg,236
https://img-trendyol.mncdn.com/assets/campaign/media/banners/original/353153/8e7b770fab_0_new.jpg,384
https://img-trendyol.mncdn.com/assets/campaign/media/banners/original/354043/d2493faeb4_0_new.jpg,159
https://img-trendyol.mncdn.com/assets/campaign/media/banners/original/353595/f9f3586e4d_0_new.jpg,221
https://img-trendyol.mncdn.com/assets/campaign/media/banners/original/353842/a686b129b3_1_new.jpg,300
https://img-trendyol.mncdn.com/assets/campaign/media/banners/original/354641/1a38aa4543_0_new.jpg,199
https://img-trendyol.mncdn.com/Assets/ProductImages/oa/CampaignVisual/OriginalBoutiqueImages/324342/d11c00bd3e_0_new.jpg,299
https://img-trendyol.mncdn.com/assets/campaign/media/banners/original/353142/ca8d352cf5_1_new.jpg,206
https://img-trendyol.mncdn.com/assets/campaign/media/banners/original/347648/14436a39c0_1_new.jpg,267
https://img-trendyol.mncdn.com/assets/campaign/media/banners/original/353444/53edf8c06c_1_new.jpg,229
https://img-trendyol.mncdn.com/assets/campaign/media/banners/original/349892/078cef5136_1_detay.jpg,89
https://img-trendyol.mncdn.com/assets/campaign/media/banners/original/348842/42800ea253_1_detay.jpg,66
https://img-trendyol.mncdn.com/assets/campaign/media/banners/original/354395/e8026bd636_0_detay.jpg,48
https://img-trendyol.mncdn.com/assets/campaign/media/banners/original/353942/1bc27c88bc_0_detay.jpg,43
https://img-trendyol.mncdn.com/assets/campaign/media/banners/original/346599/12860e1dbd_0_detay.jpg,38
https://img-trendyol.mncdn.com/assets/campaign/media/banners/original/319598/fcd582e22e_0_detay.jpg,41
https://static.dsmcdn.com/frontend/web/production/small_boutique_placeholder.45bc75aeff1b71c69917950ba2f65611.jpg,364
https://static.dsmcdn.com/frontend/web/production/small_boutique_placeholder.45bc75aeff1b71c69917950ba2f65611.jpg,75
https://static.dsmcdn.com/frontend/web/production/small_boutique_placeholder.45bc75aeff1b71c69917950ba2f65611.jpg,65
https://static.dsmcdn.com/frontend/web/production/small_boutique_placeholder.45bc75aeff1b71c69917950ba2f65611.jpg,65
https://static.dsmcdn.com/frontend/web/production/small_boutique_placeholder.45bc75aeff1b71c69917950ba2f65611.jpg,65
https://static.dsmcdn.com/frontend/web/production/small_boutique_placeholder.45bc75aeff1b71c69917950ba2f65611.jpg,68
https://static.dsmcdn.com/frontend/web/production/small_boutique_placeholder.45bc75aeff1b71c69917950ba2f65611.jpg,68
https://static.dsmcdn.com/frontend/web/production/small_boutique_placeholder.45bc75aeff1b71c69917950ba2f65611.jpg,66
https://static.dsmcdn.com/frontend/web/production/small_boutique_placeholder.45bc75aeff1b71c69917950ba2f65611.jpg,64
https://static.dsmcdn.com/frontend/web/production/small_boutique_placeholder.45bc75aeff1b71c69917950ba2f65611.jpg,65
https://static.dsmcdn.com/frontend/web/production/small_boutique_placeholder.45bc75aeff1b71c69917950ba2f65611.jpg,65
https://static.dsmcdn.com/frontend/web/production/small_boutique_placeholder.45bc75aeff1b71c69917950ba2f65611.jpg,65
https://static.dsmcdn.com/frontend/web/production/small_boutique_placeholder.45bc75aeff1b71c69917950ba2f65611.jpg,64
https://static.dsmcdn.com/frontend/web/production/small_boutique_placeholder.45bc75aeff1b71c69917950ba2f65611.jpg,65
